Bank account;;;Bank account;;;Banks;;;;;Bank Branch;;;;;Key payment - receipt;;;;;;Customer;;;;;;;;Provision percentage;;
;;;;;;;;;;;;;;;;;Use;;;;;;;;;;;;;;;
Abb.;Entities;Name;Abb.;;;Bank;Abb.;;;;Branch;Bank;;;;Key payment - receipt;Category;Type;;;;Customer code;Customer Name;Project Site;Abb.;Entities;;;;Overdue;Type;Provision
BWD;BWID BINH DUONG;BWID JSC;BWD;;;VIETCOMBANK;VCB;;;;BIDV - BINH DUONG;OTHERS;;;;G&A expense;Operating expense;Payment;;;;C00000025;CÔNG TY TNHH HANSEI SÀI GÒN;BBA_02;BWD;BWID BINH DUONG;;;;360 days;Over 360 days;100%
BHD;BWID HAI DUONG;Subsidiaries;BHD;;;VIETINBANK;VTB;;;;BIDV - THANH XUAN;BIDV - THANH XUAN;;;;Construction expense;Construction expense;Payment;;;;C00000128;CÔNG TY CP THƯƠNG MẠI VÀ DỊCH VỤ LOGISTICS T&T GLOBAL;BBA_04;BWD;BWID BINH DUONG;;;;270 days;270 - 360 days;70%
BBN;BWID BAC NINH;Subsidiaries;BBN;;;BIDV;BIDV;;;;BIDV - LONG BIEN;BIDV - LONG BIEN;;;;Repair and maintenance expense;Operating expense;Payment;;;;C00000022;CÔNG TY TNHH SẢN XUẤT INSEASON;BBA_02;BWD;BWID BINH DUONG;;;;180 days;180 - 270 days;50%
HD2;BWID HAI DUONG 2;Subsidiaries;HD2;;;OCB;OCB;;;;VIETCOMBANK - BA DINH;VIETCOMBANK - BA DINH;;;;Professional service fee;Operating expense;Payment;;;;C00000129;CÔNG TY TNHH TẬP ĐOÀN ĐỔI MỚI BIOPLASTIC;MP3_04;BWD;BWID BINH DUONG;;;;90 days;90 - 180 days;30%
BHP;BWID HAI PHONG;Subsidiaries;BHP;;;VIB;VIB;;;;VIETCOMBANK - DONG SAI GON;OTHERS;;;;Land deposit payment;Land acquisition;Payment;;;;C00000068;CÔNG TY TNHH CÔNG NGHỆ CIMIYA (VIỆT NAM);BN1_01;BBN;BWID BAC NINH;;;;60 days;60 - 90 days;20%
BNT;BWID NHON TRACH;Subsidiaries;BNT;;;MB;MBB;;;;VIETCOMBANK - HCM;VIETCOMBANK - HCM;;;;Land lease price payment;Land acquisition;Payment;;;;C00000132;CÔNG TY TNHH TECHTRONIC INDUSTRIES VIỆT NAM MANUFACTURING;MP3_05;BWD;BWID BINH DUONG;;;;30 days;30 - 60 days;10%
HD3;BWID HAI DUONG 3;Subsidiaries;HD3;;;ACB;ACB;;;;VIETINBANK - TIEN SON;VIETINBANK - TIEN SON;;;;Deal payment;Deal payment;Payment;;;;C00000180;ZHONGSHAN CITY QINGFENG METAL MACHINERY CO., LTD;MP3_04;BWD;BWID BINH DUONG;;;;10 days;10 - 30 days;0%
BTH;BWID THOI HOA;Subsidiaries;BTH;;;Others;Others;;;;VIETINBANK - BINH DUONG;VIETINBANK - BINH DUONG + QM;;;;Fee related land payment;Construction expense;Payment;;;;C00000181;RR DONNELLEY ASIA PRINTING  SOLUTIONS LIMITED;HD1_01;BHD;BWID HAI DUONG;;;; days;0 - 10 days;0%
TH1HC;TH1 HOLDCO;Subsidiaries;TH1HC;;;SINOPAC;SNP;;;;VIETINBANK - QUANG MINH;VIETINBANK - BINH DUONG + QM;;;;S&M expense;Operating expense;Payment;;;;C00000179;CÔNG TY TNHH RAWLPLUG VIỆT NAM;BBA_06;BWD;BWID BINH DUONG;;;;;;
TH2;BWID THOI HOA 2;Subsidiaries;TH2;;;TECHCOMBANK;TCB;;;;VIETINBANK - DONG SAI GON;VIETINBANK - DONG SAI GON;;;;Bank charge;Operating expense;Payment;;;;C00000073;CÔNG TY TNHH OERLIKON BALZERS COATING VIỆT NAM;BN1_01;BBN;BWID BAC NINH;;;;;;
TH2HC;TH2 HOLDCO;Subsidiaries;TH2HC;;;UOB;UOB;;;;VIETINBANK - CN1;VIETINBANK - CN1;;;;Salary expense;Operating expense;Payment;;;;S00001076;CÔNG TY CỔ PHẦN XÂY LẮP PEICO;BN1_01;BBN;BWID BAC NINH;;;;;;
BTU;BWID LOGISTICS TAN UYEN;Subsidiaries;BTU;;;STANDARD CHARTERED;Standard Chartered;;;;MB - BINH DUONG;OTHERS;;;;Transfer account;Internal transfer;Payment;;;;C00000111;CÔNG TY TNHH TRANIT VINA;HD1_01;BHD;BWID HAI DUONG;;;;;;
BSG;BW SAI GON;Subsidiaries;BSG;;;KEB Hana;KEB Hana;;;;MB - BAC SAI GON;MB - BAC SAI GON;;;;Return booking fee;Operating expense;Payment;;;;C00000131;CÔNG TY TNHH A-TECH AUTOMOTIVE VIỆT NAM;HD1_01;BHD;BWID HAI DUONG;;;;;;
BNC;BW NEW CITY;Subsidiaries;BNC;;;VPBank;VPBank;;;;STANDARD CHARTERED;STANDARD CHARTERED;;;;Return rental deposit;Operating expense;Payment;;;;C00000167;CÔNG TY TNHH CÔNG NGHỆ SHENG SHING (VIỆT NAM - HẢI DƯƠNG);HD1_01;BHD;BWID HAI DUONG;;;;;;
BSL;BW SAIGON LOGISTICS;Subsidiaries;BSL;;;KBANK;KBANK;;;;VIB - HOI SO;VIB - HOI SO;;;;Capital contribution;Internal Contribution;Payment;;;;C00000081;CÔNG TY CỔ PHẦN VINACAPITAL VIỆT NAM;SG1_01;BSG;BW SAI GON;;;;;;
NT2;GREAT KINGDOM NT 2;Subsidiaries;NT2;;;MAYBANK;MAYBANK;;;;TECHCOMBANK;TECHCOMBANK;;;;Shareholder loan transfer;Internal transfer;Payment;;;;C00000013;CÔNG TY TNHH T'S LAB;BBA_01;BWD;BWID BINH DUONG;;;;;;
BWB;BW BAU BANG;Subsidiaries;BWB;;;CTBC;CTBC;;;;OCB - BINH DUONG;OCB - BINH DUONG;;;;Loan payment;Loan repayment;Payment;;;;C00000004;CÔNG TY TNHH CONDOR VIỆT NAM;BBA_01;BWD;BWID BINH DUONG;;;;;;
BWP;BW PHU NGHIA;Subsidiaries;BWP;;;Woori Bank;Woori Bank;;;;ACB - HCM;ACB - HCM;;;;Loan interest;Loan interest;Payment;;;;C00000006;CÔNG TY TNHH DKW BÌNH DƯƠNG;BBA_01;BWD;BWID BINH DUONG;;;;;;
DVL;BW DINH VU;Subsidiaries;DVL;;;;;;;;SHINHAN BANK;OTHERS;;;;Tax payment;Operating expense;Payment;;;;C00000044;CÔNG TY TNHH SEMIWORLD VIỆT NAM;BBA_01;BWD;BWID BINH DUONG;;;;;;
NDV;BW NAM DINH VU;Subsidiaries;NDV;;;;;;;;AGRIBANK - BINH DUONG;OTHERS;;;;Payment for acquisition;Payment for acquisition;Payment;;;;C00000014;CÔNG TY TNHH KAIDI ELECTRICAL VIỆT NAM;BBA_01;BWD;BWID BINH DUONG;;;;;;
TDH;BWID TAN DONG HIEP;Subsidiaries;TDH;;;;;;;;VIETINBANK - HA NOI;VIETINBANK - HA NOI;;;;Other payments;Operating expense;Payment;;;;C00000012;CÔNG TY TNHH THÁI INTERTAPE VIỆT NAM;BBA_01;BWD;BWID BINH DUONG;;;;;;
DAL;BWID DONG AN LID;Subsidiaries;DAL;;;;;;;;BIDV - NAM SAI GON;BIDV - NAM SAI GON;;;;Dividend paid (inside group);Dividend paid (inside group);Payment;;;;C00000114;CÔNG TY TNHH SẢN XUẤT NGUYÊN LIỆU KHẨU TRANG AN HƯNG PHÁT;BBA_01;BWD;BWID BINH DUONG;;;;;;
BLA;BWID LONG AN;Subsidiaries;BLA;;;;;;;;SUMITOMO - HCM;OTHERS;;;;Refund land deposit payment;Refund land/deal deposit payment;Receipt;;;;C00000023;CÔNG TY TNHH BERJAYAPAK VIỆT NAM;BBA_02;BWD;BWID BINH DUONG;;;;;;
SGL;SG LOGISTICS;Subsidiaries;SGL;;;;;;;;DB - Singapore;OTHERS;;;;Refund deal deposit payment;Refund land/deal deposit payment;Receipt;;;;C00000080;CÔNG TY TNHH KAMMI VINA;BBA_03;BWD;BWID BINH DUONG;;;;;;
HNM;HANOI MANAGEMENT SERVICES;Subsidiaries;HNM;;;;;;;;SINOPAC;SINOPAC;;;;Shareholder loan received from WP;Cash from WP;Receipt;;;;C00000082;CÔNG TY TNHH ĐỒ NỘI THẤT JY;BBA_03;BWD;BWID BINH DUONG;;;;;;
IRE;IRE CONSULTANCY & MANAGEMENT;Subsidiaries;IRE;;;;;;;;SACOMBANK - SAI GON;OTHERS;;;;Shareholder loan transfer;Internal transfer;Receipt;;;;C00000026;CÔNG TY TNHH PIGTEK VIỆT NAM;BBA_03;BWD;BWID BINH DUONG;;;;;;
TDM;BW THU DAU MOT;Subsidiaries;TDM;;;;;;;;BIDV - DONG NAI;OTHERS;;;;Capital contribution;Internal Contribution;Receipt;;;;C00000027;CÔNG TY TNHH RK RESOURCES;BBA_03;BWD;BWID BINH DUONG;;;;;;
KTR;KIM TRUC DN;Subsidiaries;KTR;;;;;;;;ACB - SAI GON;ACB - SAI GON;;;;Rental income;Receipt from tenants;Receipt;;;;C00000036;CÔNG TY TNHH MỘT THÀNH VIÊN LONG TAI;BBA_03;BWD;BWID BINH DUONG;;;;;;
SCC;BW SUPLLY CHAIN CITY;Subsidiaries;SCC;;;;;;;;BIDV - BEN NGHE;OTHERS;;;;Other charge to tenant;Receipt from tenants;Receipt;;;;C00000021;CÔNG TY TNHH SẢN XUẤT GIẤY LÚA VÀNG;BBA_03;BWD;BWID BINH DUONG;;;;;;
VC1;SAO THO;Subsidiaries;VC1;;;;;;;;AGRIBANK - TT SAI GON;OTHERS;;;;Booking fee from tenant;Receipt from tenants;Receipt;;;;C00000096;CÔNG TY TNHH ARNEPLANT VIỆT NAM;BBA_03;BWD;BWID BINH DUONG;;;;;;
VC2;SAO MOC;Subsidiaries;VC2;;;;;;;;SINOPAC - HCM;SNP - HCM;;;;Bank interest;Other receipts;Receipt;;;;C00000097;CÔNG TY TNHH GENEPA VIETNAM;BBA_03;BWD;BWID BINH DUONG;;;;;;
VC3;SAO HOA;VC3;VC3;;;;;;;;SINOPAC - TAIWAN;SNP - TW;;;;Rental deposits;Receipt from tenants;Receipt;;;;C00000098;CÔNG TY TNHH HUKON QUỐC TẾ (VIỆT NAM);BBA_03;BWD;BWID BINH DUONG;;;;;;
BB3;BAU BANG 3;Subsidiaries;BB3;;;;;;;;MB - GIA DINH;MB - GIA DINH;;;;Transfer account;Internal transfer;Receipt;;;;C00000107;CÔNG TY TNHH YULONG INTELLIGENT TECHNOLOGY VIỆT NAM;BBA_05;BWD;BWID BINH DUONG;;;;;;
TPT;BWID Tan Phu Trung;Subsidiaries;TPT;;;;;;;;MB - NGUYEN TRI PHUONG;MB - NGUYEN TRI PHUONG;;;;Capital receipts;Contribution;Receipt;;;;C00000171;CÔNG TY TNHH MÁY MÓC VÀ CÔNG NGHỆ REMACRO (VIỆT NAM);BBA_05;BWD;BWID BINH DUONG;;;;;;
BB4;BAU BANG 4;Subsidiaries;BB4;;;;;;;;VIETINBANK - CN6;VIETINBANK - CN6;;;;Capital receipts from WP;Contribution;Receipt;;;;C00000113;CÔNG TY TNHH EMIVEST FEEDMILL VIỆT NAM;BBA_05;BWD;BWID BINH DUONG;;;;;;
STL;SONGTHAN LID;Subsidiaries;STL;;;;;;;;UOB - HCM;UOB;;;;Capital receipts from Becamex;Contribution;Receipt;;;;C00000130;CÔNG TY TNHH CHẾ TẠO CHÍNH XÁC BÀU BÀNG VIỆT NAM;BBA_06;BWD;BWID BINH DUONG;;;;;;
BHA;BW HAI AN;Subsidiaries;BHA;;;;;;;;KEB Hana - HCM;KEB Hana - HCM;;;;Loan receipts;Loan receipts;Receipt;;;;C00000094;CÔNG TY TNHH ĐIỆN TỬ HUAJIE VIỆT NAM;MP3_01;BWD;BWID BINH DUONG;;;;;;
SPV4A;SPV4A;Subsidiaries;SPV4A;;;;;;;;VIETINBANK - TPHCM;VIETINBANK - TPHCM;;;;Corporate Loan drawdown;Corporate Loan drawdown;Receipt;;;;C00000067;CÔNG TY TNHH NEXTERN VIỆT NAM;MP3_01;BWD;BWID BINH DUONG;;;;;;
SPV4B;SPV4B;Subsidiaries;SPV4B;;;;;;;;BIDV - GIA DINH;BIDV - GIA DINH;;;;VAT refund;VAT refund;Receipt;;;;C00000062;CÔNG TY TNHH CARRYINGMATE INDUSTRIES VIỆT NAM;MP3_01;BWD;BWID BINH DUONG;;;;;;
SPV4C;SPV4C;Subsidiaries;SPV4C;;;;;;;;VIETCOMBANK - NAM BINH DUONG;VIETCOMBANK - NAM BINH DUONG;;;;Refinancing;Refinancing;Receipt;;;;C00000056;CÔNG TY TNHH MOTOMOTION VIỆT NAM;MP3_01;BWD;BWID BINH DUONG;;;;;;
SPV4D;SPV4D;Subsidiaries;SPV4D;;;;;;;;VIETCOMBANK - BINH TAY;VIETCOMBANK - BINH TAY;;;;Cash received from acquisition;Cash received from acquisition;Receipt;;;;C00000061;CÔNG TY TNHH SẢN XUẤT NHỰA VÀ ĐIỆN TỬ YUEN FUNG VIỆT NAM;MP3_01;BWD;BWID BINH DUONG;;;;;;
SPV4E;SPV4E;Subsidiaries;SPV4E;;;;;;;;KBank - HCM;OTHERS;;;;Cash balance on MBC account;N/a;Receipt;;;;C00000058;CÔNG TY TNHH CÔNG NGHỆ CLICK (VIỆT NAM);MP3_01;BWD;BWID BINH DUONG;;;;;;
SPV5A;SPV5A;Subsidiaries;SPV5A;;;;;;;;VPBank;OTHERS;;;;Other receipts;Other receipts;Receipt;;;;C00000102;CÔNG TY TNHH CENTURY CREATION (VIỆT NAM);MP3_03;BWD;BWID BINH DUONG;;;;;;
SPV5C;SPV5C;Subsidiaries;SPV5C;;;;;;;;SHB;OTHERS;;;;Loan drawdown;Loan drawdown;Receipt;;;;C00000105;CÔNG TY TNHH CÔNG NGHIỆP CHERVON (VIỆT NAM);MP3_03;BWD;BWID BINH DUONG;;;;;;
SPV5B;SPV5B;Subsidiaries;SPV5B;;;;;;;;MAYBANK - HCM;OTHERS;;;;Dividend receipt (inside group);Dividend receipt (inside group);Receipt;;;;C00000122;CÔNG TY TRÁCH NHIỆM HỮU HẠN SUNG JIN PRESS;MP3_03;BWD;BWID BINH DUONG;;;;;;
SPV5D;SPV5D;Subsidiaries;SPV5D;;;;;;;;CTBC - HCM;OTHERS;;;;Management fee from subsidiaries;Management fee from subsidiaries;Receipt;;;;C00000074;CÔNG TY TNHH JDI VINA;BN1_01;BBN;BWID BAC NINH;;;;;;
SPV5E;SPV5E;Subsidiaries;SPV5E;;;;;;;;UOB - SINGAPORE;UOB;;;;;;;;;;C00000076;CÔNG TY TNHH FABRI-TECH COMPONENTS VIỆT NAM;BN1_01;BBN;BWID BAC NINH;;;;;;
PLC;PHUOC LOI;Subsidiaries;PLC;;;;;;;;Woori Bank;OTHERS;;;;;;;;;;C00000075;CÔNG TY TNHH VOLTRONIC POWER TECHNOLOGY VIỆT NAM;BN1_01;BBN;BWID BAC NINH;;;;;;
GTC;GIA TAN;Subsidiaries;GTC;;;;;;;;ACB - PHU LAM;ACB - PHU LAM;;;;;;;;;;C00000078;CÔNG TY TNHH SJ THERMAL VINA;BN1_01;BBN;BWID BAC NINH;;;;;;
BCI;BCI JSC;Subsidiaries;BCI;;;;;;;;;;;;;;;;;;;C00000084;CÔNG TY TNHH CÔNG NGHỆ IN ẤN VÀ BAO BÌ WARTON VIỆT NAM;BN1_01;BBN;BWID BAC NINH;;;;;;
BDG;VINA PARTNERS INVESTMENT;Subsidiaries;BDG;;;;;;;;;;;;;;;;;;;C00000085;CÔNG TY TRÁCH NHIỆM HỮU HẠN K-MATE (VIỆT NAM);BN1_01;BBN;BWID BAC NINH;;;;;;
H4F;HOLDCO4F;Subsidiaries;H4F;;;;;;;;;;;;;;;;;;;C00000086;CÔNG TY TNHH MỘT THÀNH VIÊN ITL (MIỀN BẮC);BN1_01;BBN;BWID BAC NINH;;;;;;
H4H;HOLDCO4H;Subsidiaries;H4H;;;;;;;;;;;;;;;;;;;C00000083;CÔNG TY TNHH TOYOPLAS MANUFACTURING (VIỆT NAM);BN1_01;BBN;BWID BAC NINH;;;;;;
H4G;HOLDCO4G;Subsidiaries;H4G;;;;;;;;;;;;;;;;;;;C00000099;CÔNG TY TNHH VISION SEMICON VIỆT NAM;BN1_01;BBN;BWID BAC NINH;;;;;;
H4I;HOLDCO4I;Subsidiaries;H4I;;;;;;;;;;;;;;;;;;;C00000092;CÔNG TY TNHH VINH THÁI;BN1_01;BBN;BWID BAC NINH;;;;;;
H4J;HOLDCO4J;Subsidiaries;H4J;;;;;;;;;;;;;;;;;;;C00000182;CÔNG TY TNHH SHINSHIBA VIỆT NAM;MP3_03;BWD;BWID BINH DUONG;;;;;;
H5F;HOLDCO5F;Subsidiaries;H5F;;;;;;;;;;;;;;;;;;;C00000119;CÔNG TY TNHH THỰC PHẨM YERGAT;DA1_01;DAL;BWID DONG AN LID;;;;;;
H5G;HOLDCO5G;Subsidiaries;H5G;;;;;;;;;;;;;;;;;;;C00000118;CÔNG TY TNHH MAY MẶC PREMIER GLOBAL VIỆT NAM;DA1_01;DAL;BWID DONG AN LID;;;;;;
H5H;HOLDCO5H;Subsidiaries;H5H;;;;;;;;;;;;;;;;;;;C00000189;CÔNG TY TNHH SHOPEE EXPRESS;SG1_01;BSG;BW SAI GON;;;;;;
H5I;HOLDCO5I;Subsidiaries;H5I;;;;;;;;;;;;;;;;;;;C00000110;CÔNG TY TNHH S-TRADING - CHI NHÁNH THÀNH PHỐ HỒ CHÍ MINH;SG1_01;BSG;BW SAI GON;;;;;;
H5J;HOLDCO5J;Subsidiaries;H5J;;;;;;;;;;;;;;;;;;;C00000178;CÔNG TY TNHH MỘT THÀNH VIÊN TIẾP VẬN GEMADEPT;STL_00;STL;SONGTHAN LID;;;;;;
DVC;DELIWAY;Subsidiaries;DVC;;;;;;;;;;;;;;;;;;;C00000160;CÔNG TY TNHH SQUADRONI VIỆT NAM;SCC_04;SCC;BW SUPLLY CHAIN CITY;;;;;;
BYP;YEN PHONG;Subsidiaries;BYP;;;;;;;;;;;;;;;;;;;C00000133;CÔNG TY TNHH SUNG TECH;SCC_04;SCC;BW SUPLLY CHAIN CITY;;;;;;
BB5;BAU BANG 5;Subsidiaries;BB5;;;;;;;;;;;;;;;;;;;C00000149;MLM CHINA LIMITED;SCC_06;SCC;BW SUPLLY CHAIN CITY;;;;;;
BB6;BAU BANG 6;Subsidiaries;BB6;;;;;;;;;;;;;;;;;;;C00000159;CÔNG TY TNHH SON MACHINING VINA;SCC_04;SCC;BW SUPLLY CHAIN CITY;;;;;;
BLB;LONG BINH;Subsidiaries;BLB;;;;;;;;;;;;;;;;;;;C00000144;CÔNG TY TNHH DỊCH VỤ TOÀN CẦU IDT VIỆT NAM;SCC_04;SCC;BW SUPLLY CHAIN CITY;;;;;;
XA1;XENIA 1;Subsidiaries;XA1;;;;;;;;;;;;;;;;;;;S00000044;CÔNG TY CỔ PHẦN CÔNG NGHỆ & TRUYỀN THÔNG VIỆT NAM;SCC_01;SCC;BW SUPLLY CHAIN CITY;;;;;;
XA2;XENIA 2;Subsidiaries;XA2;;;;;;;;;;;;;;;;;;;C00000156;CÔNG TY TNHH SEUNGIL LABEL VINA;SCC_08;SCC;BW SUPLLY CHAIN CITY;;;;;;
WL1;WINLOCK 2A;Subsidiaries;WL1;;;;;;;;;;;;;;;;;;;C00000173;CÔNG TY TNHH TOWA PLASTICS VIỆT NAM;SCC_04;SCC;BW SUPLLY CHAIN CITY;;;;;;
WL2;WINLOCK 2B;Subsidiaries;WL2;;;;;;;;;;;;;;;;;;;C00000143;CÔNG TY TNHH VINA HIT KLEIDER;SCC_06;SCC;BW SUPLLY CHAIN CITY;;;;;;
BNH;BW NAM HAI;Subsidiaries;BNH;;;;;;;;;;;;;;;;;;;C00000141;CÔNG TY TNHH HATTORI VIỆT NAM;SCC_05;SCC;BW SUPLLY CHAIN CITY;;;;;;
BDH;BW DONG HAI;Subsidiaries;BDH;;;;;;;;;;;;;;;;;;;C00000138;CÔNG TY TNHH DETMOLD PACKAGING VIỆT NAM;SCC_02;SCC;BW SUPLLY CHAIN CITY;;;;;;
BTP;BAC TIEN PHONG;Subsidiaries;BTP;;;;;;;;;;;;;;;;;;;C00000163;CÔNG TY TNHH TẦM NHÌN MỤC TIÊU VIỆT NAM;SCC_03;SCC;BW SUPLLY CHAIN CITY;;;;;;
MP3;BW MY PHUOC 3;Subsidiaries;MP3;;;;;;;;;;;;;;;;;;;C00000134;CÔNG TY TNHH BETHEL VIỆT NAM;SCC_03;SCC;BW SUPLLY CHAIN CITY;;;;;;
BBA;BW BAU BANG 01;Subsidiaries;BBA;;;;;;;;;;;;;;;;;;;C00000162;CÔNG TY TNHH TAE LIM VINA;SCC_03;SCC;BW SUPLLY CHAIN CITY;;;;;;
H4K;HOLDCO4K;Subsidiaries;H4K;;;;;;;;;;;;;;;;;;;C00000139;CÔNG TY TNHH FLINT GROUP VIỆT NAM;SCC_03;SCC;BW SUPLLY CHAIN CITY;;;;;;
H4L;HOLDCO4L;Subsidiaries;H4L;;;;;;;;;;;;;;;;;;;C00000147;CÔNG TY TNHH KOREA VANE HIGH TECH VINA ;SCC_03;SCC;BW SUPLLY CHAIN CITY;;;;;;
H4M;HOLDCO4M;Subsidiaries;H4M;;;;;;;;;;;;;;;;;;;C00000135;CÔNG TY TNHH CNTUS AEGIS VINA;SCC_03;SCC;BW SUPLLY CHAIN CITY;;;;;;
H4N;HOLDCO4N;Subsidiaries;H4N;;;;;;;;;;;;;;;;;;;C00000146;CÔNG TY TNHH KIM HOA VIỆT NAM;SCC_04;SCC;BW SUPLLY CHAIN CITY;;;;;;
H4O;HOLDCO4O;Subsidiaries;H4O;;;;;;;;;;;;;;;;;;;C00000153;CÔNG TY TNHH R-PAC VIỆT NAM;SCC_04;SCC;BW SUPLLY CHAIN CITY;;;;;;
H4P;HOLDCO4P;Subsidiaries;H4P;;;;;;;;;;;;;;;;;;;C00000154;CÔNG TY TNHH SAGASIKI VIỆT NAM;SCC_04;SCC;BW SUPLLY CHAIN CITY;;;;;;
H5K;HOLDCO5K;Subsidiaries;H5K;;;;;;;;;;;;;;;;;;;C00000145;CÔNG TY TNHH JJ FOAM & TAPE;SCC_04;SCC;BW SUPLLY CHAIN CITY;;;;;;
H5L;HOLDCO5L;Subsidiaries;H5L;;;;;;;;;;;;;;;;;;;C00000165;CÔNG TY TNHH ZERO LABEL VIỆT NAM;SCC_04;SCC;BW SUPLLY CHAIN CITY;;;;;;
H5M;HOLDCO5M;Subsidiaries;H5M;;;;;;;;;;;;;;;;;;;C00000161;CÔNG TY TNHH STOLLE CHÂU Á THÁI BÌNH DƯƠNG;SCC_04;SCC;BW SUPLLY CHAIN CITY;;;;;;
WJ1;WPJV 1;Subsidiaries;WJ1;;;;;;;;;;;;;;;;;;;C00000150;CHI NHÁNH CÔNG TY TNHH NAMYANG INNOTECH VINA;SCC_05;SCC;BW SUPLLY CHAIN CITY;;;;;;
WJ2;WPJV 2;Subsidiaries;WJ2;;;;;;;;;;;;;;;;;;;C00000157;CÔNG TY TNHH VINA SHINKWANG SEALING;SCC_05;SCC;BW SUPLLY CHAIN CITY;;;;;;
WJ3;WPJV 3;Subsidiaries;WJ3;;;;;;;;;;;;;;;;;;;C00000140;CÔNG TY TNHH GPNC-TECH VIETNAM;SCC_05;SCC;BW SUPLLY CHAIN CITY;;;;;;
T3B;THUAN THANH 3B;Subsidiaries;T3B;;;;;;;;;;;;;;;;;;;C00000151;CÔNG TY TNHH O.N VINA;SCC_05;SCC;BW SUPLLY CHAIN CITY;;;;;;
MSP;MP3 SOLAR POWER;Subsidiaries;MSP;;;;;;;;;;;;;;;;;;;C00000164;CÔNG TY TNHH YTI VINA;SCC_05;SCC;BW SUPLLY CHAIN CITY;;;;;;
TSP;TPT1 SOLAR POWER;Subsidiaries;TSP;;;;;;;;;;;;;;;;;;;C00000137;CÔNG TY TNHH DAE JUNG VINA;SCC_05;SCC;BW SUPLLY CHAIN CITY;;;;;;
SC2;SUPPLY CHAIN 2A;Subsidiaries;SC2;;;;;;;;;;;;;;;;;;;C00000158;CÔNG TY TNHH BAO BÌ ST JOHNS VIỆT NAM;SCC_05;SCC;BW SUPLLY CHAIN CITY;;;;;;
H4Q;HOLDCO4Q;Subsidiaries;H4Q;;;;;;;;;;;;;;;;;;;C00000155;CÔNG TY TNHH SANKEI (VIỆT NAM) - CHI NHÁNH BÌNH DƯƠNG;SCC_08;SCC;BW SUPLLY CHAIN CITY;;;;;;
H4R;HOLDCO4R;Subsidiaries;H4R;;;;;;;;;;;;;;;;;;;C00000148;CÔNG TY TNHH MEGA TECH VIETNAM HCMC;SCC_08;SCC;BW SUPLLY CHAIN CITY;;;;;;
H4S;HOLDCO4S;Subsidiaries;H4S;;;;;;;;;;;;;;;;;;;C00000152;CÔNG TY TNHH MỘT THÀNH VIÊN MODELLEISENBAHN VIỆT NAM;SCC_08;SCC;BW SUPLLY CHAIN CITY;;;;;;
H4T;HOLDCO4T;Subsidiaries;H4T;;;;;;;;;;;;;;;;;;;C00000136;CÔNG TY TNHH AUSPIC PRECISION ELECTRONIC;SCC_08;SCC;BW SUPLLY CHAIN CITY;;;;;;
H4U;HOLDCO4U;Subsidiaries;H4U;;;;;;;;;;;;;;;;;;;C00000166;CÔNG TY TNHH ZYLUX VIETNAM;SCC_08;SCC;BW SUPLLY CHAIN CITY;;;;;;
H4V;HOLDCO4V;Subsidiaries;H4V;;;;;;;;;;;;;;;;;;;C00000142;HFI, LLC;SCC_08;SCC;BW SUPLLY CHAIN CITY;;;;;;
H4W;HOLDCO4W;Subsidiaries;H4W;;;;;;;;;;;;;;;;;;;S00001032;CÔNG TY CỔ PHẦN ĐẦU TƯ XD & TM GIA VIỆT;BN1_01;BBN;BWID BAC NINH;;;;;;
H4X;HOLDCO4X;Subsidiaries;H4X;;;;;;;;;;;;;;;;;;;C00000183;NGÔ THỊ HÀ;BBA_02;BWD;BWID BINH DUONG;;;;;;
H4Y;HOLDCO4Y;Subsidiaries;H4Y;;;;;;;;;;;;;;;;;;;C00000188;CÔNG TY TNHH SẢN XUẤT QINGFENG VIỆT NAM;MP3_04;BWD;BWID BINH DUONG;;;;;;
H4Z;HOLDCO4Z;Subsidiaries;H4Z;;;;;;;;;;;;;;;;;;;C00000186;CÔNG TY TNHH CÔNG NGHỆ HAIXING VIỆT NAM;MP3_04;BWD;BWID BINH DUONG;;;;;;
H5Q;HOLDCO5Q;Subsidiaries;H5Q;;;;;;;;;;;;;;;;;;;C00000184;TK PRECISION TECHNOLOGY VIETNAM (HONGKONG) LIMITED;HD1_01;BHD;BWID HAI DUONG;;;;;;
H5R;HOLDCO5R;Subsidiaries;H5R;;;;;;;;;;;;;;;;;;;C00000185;CÔNG TY TNHH KỸ THUẬT CÔNG NGHỆ CAO HANJIE;SCC_04;SCC;BW SUPLLY CHAIN CITY;;;;;;
H5S;HOLDCO5S;Subsidiaries;H5S;;;;;;;;;;;;;;;;;;;C00000093;ONOGAWA ELECTORIC WORKS INC;HD1_01;BHD;BWID HAI DUONG;;;;;;
H5T;HOLDCO5T;Subsidiaries;H5T;;;;;;;;;;;;;;;;;;;C00000190;CÔNG TY TNHH LANTERN - OPERA;BBA_06;BWD;BWID BINH DUONG;;;;;;
H5U;HOLDCO5U;Subsidiaries;H5U;;;;;;;;;;;;;;;;;;;C00000191;CÔNG TY TNHH NGŨ KIM VÀ NHỰA JIN JUE (VIỆT NAM);MP3_03;BWD;BWID BINH DUONG;;;;;;
BHI;BIEN HOA;Subsidiaries;BHI;;;;;;;;;;;;;;;;;;;C00000192;CÔNG TY TNHH PENG BO VIỆT NAM;BBA_01;BWD;BWID BINH DUONG;;;;;;
BTD;THUAN DAO;Subsidiaries;BTD;;;;;;;;;;;;;;;;;;;C00000193;CÔNG TY TNHH SUPOR VIỆT NAM;TU1_01;BTU;BWID LOGISTICS TAN UYEN;;;;;;
W2A;WPJV 2A;Subsidiaries;W2A;;;;;;;;;;;;;;;;;;;C00000177;CÔNG TY TNHH OPERA;BBA_06;BWD;BWID BINH DUONG;;;;;;
W2B;WPJV 2B;Subsidiaries;W2B;;;;;;;;;;;;;;;;;;;C00000194;CÔNG TY TNHH THƯƠNG MẠI DỊCH VỤ IDRINK;BN1_01;BBN;BWID BAC NINH;;;;;;
HJ1;NDV HOLDCO 1;Subsidiaries;HJ1;;;;;;;;;;;;;;;;;;;C00000204;VĂN PHÒNG ĐẠI DIỆN CITIGROUP LTD TẠI VIỆT NAM;SCC_06;SCC;BW SUPLLY CHAIN CITY;;;;;;
HJ2;NDV HOLDCO 2;Subsidiaries;HJ2;;;;;;;;;;;;;;;;;;;C00000195;CÔNG TY TNHH KHOA HỌC VÀ CÔNG NGHỆ TAI MEI VIỆT NAM;BBA_01;BWD;BWID BINH DUONG;;;;;;
YPH;YEN PHONG HOLDCO;Subsidiaries;YPH;;;;;;;;;;;;;;;;;;;C00000196;CÔNG TY TNHH SYNTHITE VIỆT NAM;BBA_01;BWD;BWID BINH DUONG;;;;;;
HQV;QV2 HOLDCO;Subsidiaries;HQV;;;;;;;;;;;;;;;;;;;C00000197;CÔNG TY TNHH KỸ NGHỆ GỖ HOA NÉT;TU1_01;BTU;BWID LOGISTICS TAN UYEN;;;;;;
THA;TAY HAI;Subsidiaries;THA;;;;;;;;;;;;;;;;;;;C00000198;CÔNG TY TNHH ONOGAWA VIỆT NAM;HD1_01;BHD;BWID HAI DUONG;;;;;;
HHL;NSHL HOLDCO;Subsidiaries;HHL;;;;;;;;;;;;;;;;;;;C00000199;CÔNG TY TNHH TK PRECISION TECHNOLOGY HỒNG KÔNG VIỆT NAM;HD1_01;BHD;BWID HAI DUONG;;;;;;
BHL;NSHL LLC;Subsidiaries;BHL;;;;;;;;;;;;;;;;;;;S00000603;CÔNG TY CỔ PHẦN XÂY DỰNG BÔNG SEN VÀNG;TU1_01;BTU;BWID LOGISTICS TAN UYEN;;;;;;
JYP;YEN PHONG PROJECT CO;Subsidiaries;JYP;;;;;;;;;;;;;;;;;;;C00000206;CÔNG TY TNHH BĂNG KEO TINH HUY VIỆT NAM;BBA_01;BWD;BWID BINH DUONG;;;;;;
JHP;NDV PROJECT CO;Subsidiaries;JHP;;;;;;;;;;;;;;;;;;;C00000200;CÔNG TY TNHH TONGFANG TECHNOLOGY VIỆT NAM;BN1_01;BBN;BWID BAC NINH;;;;;;
DTP;DONG TIEN PHONG;Subsidiaries;DTP;;;;;;;;;;;;;;;;;;;C00000205;CÔNG TY TNHH FLAT VIỆT NAM;DV1_01;DVL;BW DINH VU;;;;;;
H4C;HOLDCO S4C;Subsidiaries;H4C;;;;;;;;;;;;;;;;;;;C00000203;CÔNG TY TNHH HFI VIỆT NAM;SCC_08;SCC;BW SUPLLY CHAIN CITY;;;;;;
TCS;TCS JSC;Subsidiaries;TCS;;;;;;;;;;;;;;;;;;;C00000202;CÔNG TY TNHH YUWA VIỆT NAM;SCC_04;SCC;BW SUPLLY CHAIN CITY;;;;;;
H4D;HOLDCO S4D;Subsidiaries;H4D;;;;;;;;;;;;;;;;;;;C00000208;CÔNG TY TNHH ARDA;BBA_06;BWD;BWID BINH DUONG;;;;;;
BMP;MINH PHUONG;Subsidiaries;BMP;;;;;;;;;;;;;;;;;;;C00000209;CÔNG TY TNHH ZHONGHENG VIỆT NAM MANUFACTURING;MP3_05;BWD;BWID BINH DUONG;;;;;;
H4A;HOLDCO S4A;Subsidiaries;H4A;;;;;;;;;;;;;;;;;;;C00000210;FLEXSTEEL INDUSTRIES, INC;SCC_06;SCC;BW SUPLLY CHAIN CITY;;;;;;
H5A;HOLDCO S5A;Subsidiaries;H5A;;;;;;;;;;;;;;;;;;;C00000211;CHI NHÁNH CÔNG TY TNHH AUREOLE BCD;HD2_01;HD2;BWID HAI DUONG 2;;;;;;
H4B;HOLDCO S4B;Subsidiaries;H4B;;;;;;;;;;;;;;;;;;;C00000213;CÔNG TY TNHH LINFOX LOGISTICS VIỆT NAM ;TH1_01;BTH;BWID THOI HOA;;;;;;
H5B;HOLDCO S5B;Subsidiaries;H5B;;;;;;;;;;;;;;;;;;;S00000716;CÔNG TY CỔ PHẦN DỊCH VỤ THƯƠNG MẠI TỔNG HỢP VINCOMMERCE;TH1_01;BTH;BWID THOI HOA;;;;;;
H4E;HOLDCO S4E;Subsidiaries;H4E;;;;;;;;;;;;;;;;;;;C00000216;CHANGHONGGRAND-PROTECH CO., LTD;DV1_01;DVL;BW DINH VU;;;;;;
QV2;QV2 LLC;Subsidiaries;QV2;;;;;;;;;;;;;;;;;;;C;RADIANT SUN VENTURES LIMITED;HD1_01;BHD;BWID HAI DUONG;;;;;;
W3A;WPJV 3A;Subsidiaries;W3A;;;;;;;;;;;;;;;;;;;C00000217;TEXEG SINGAPORE PTE.LTD;HP1_01;BHP;BWID HAI PHONG;;;;;;
W3B;WPJV 3B;Subsidiaries;W3B;;;;;;;;;;;;;;;;;;;C00000218;CÔNG TY TNHH GREENWORKS (VIỆT NAM);DV1_01;DVL;BW DINH VU;;;;;;
PNA;PHO NOI A;Subsidiaries;PNA;;;;;;;;;;;;;;;;;;;C00000207;VĂN PHÒNG ĐẠI DIỆN CITIGROUP LTD TẠI VIỆT NAM;SCC_06;SCC;BW SUPLLY CHAIN CITY;;;;;;
BPD;PHUC DIEN;Subsidiaries;BPD;;;;;;;;;;;;;;;;;;;C00000219;CÔNG TY TNHH SÀI GÒN STEC ;TH2_01;TH2;BWID THOI HOA 2;;;;;;
TNA;TAY NAM A;Subsidiaries;TNA;;;;;;;;;;;;;;;;;;;C00000214;CÔNG TY TNHH FINE CHEMICAL VIỆT NAM;BBA_05;BWD;BWID BINH DUONG;;;;;;
N4A;HOLDCO N4A;Subsidiaries;N4A;;;;;;;;;;;;;;;;;;;C00000221;CÔNG TY TNHH CÔNG NGHỆ DINGHE (VIỆT NAM);MP3_03;BWD;BWID BINH DUONG;;;;;;
N4B;HOLDCO N4B;Subsidiaries;N4B;;;;;;;;;;;;;;;;;;;C00000222;CÔNG TY TNHH THỰC PHẨM ORION VINA;TH1_01;BTH;BWID THOI HOA;;;;;;
N4C;HOLDCO N4C;Subsidiaries;N4C;;;;;;;;;;;;;;;;;;;S00000563;Công ty Cổ Phần Seven System Việt Nam;SL1_01;BSL;BW SAIGON LOGISTICS;;;;;;
N4D;HOLDCO N4D;Subsidiaries;N4D;;;;;;;;;;;;;;;;;;;C00000223;CÔNG TY TNHH KUEHNE + NAGEL;TH1_01;BTH;BWID THOI HOA;;;;;;
N4E;HOLDCO N4E;Subsidiaries;N4E;;;;;;;;;;;;;;;;;;;C00000229;CÔNG TY TNHH KAE IOU;TH2_01;TH2;BWID THOI HOA 2;;;;;;
LMX;LE MINH XUAN 3;Subsidiaries;LMX;;;;;;;;;;;;;;;;;;;C00000234;Ms Luong Truc Thuy Anh;MP3_03;BWD;BWID BINH DUONG;;;;;;
DC2;DEEP C 2B;Subsidiaries;DC2;;;;;;;;;;;;;;;;;;;C00000232;FULL-SHARP AUTOMATIZED CO.,LTD;HP1_01;BHP;BWID HAI PHONG;;;;;;
PAT;PHU AN THANH;Subsidiaries;PAT;;;;;;;;;;;;;;;;;;;C00000235;CÔNG TY TNHH NOA VIỆT NAM;SCC_04;SCC;BW SUPLLY CHAIN CITY;;;;;;
ST2;SONG THAN 2;Subsidiaries;ST2;;;;;;;;;;;;;;;;;;;C00000227;CÔNG TY CỔ PHẦN LOGISTICS TOÀN TÍN;SL1_01;BSL;BW SAIGON LOGISTICS;;;;;;
TDE;TAN DONG HIEP B ELECTRON;Subsidiaries;TDE;;;;;;;;;;;;;;;;;;;C00000170;CÔNG TY TNHH MỘT THÀNH VIÊN CHUYỂN PHÁT NHANH THUẬN PHONG - CHI NHÁNH THÀNH PHỐ HỒ CHÍ MINH;TPT_01;TPT;BWID Tan Phu Trung;;;;;;
MPL;MPL JSC;Subsidiaries;MPL;;;;;;;;;;;;;;;;;;;C00000201;CÔNG TY TNHH CÔNG NGHỆ BAO BÌ RR DONNELLEY (VIỆT NAM);HD1_01;BHD;BWID HAI DUONG;;;;;;
NAS;NASTEC JSC;Subsidiaries;NAS;;;;;;;;;;;;;;;;;;;C00000237;CÔNG TY TNHH CÔNG NGHỆ CHÍNH XÁC WONDER ACE (VIỆT NAM);MP3_03;BWD;BWID BINH DUONG;;;;;;
LBN;LOGOS VIETNAM BN 1 LLC;Subsidiaries;LBN;;;;;;;;;;;;;;;;;;;C00000230;VĂN PHÒNG ĐẠI DIỆN FLEXSTEEL INDUSTRIES, INC TẠI BÌNH DƯƠNG;SCC_06;SCC;BW SUPLLY CHAIN CITY;;;;;;
BDV;TASECO DONG VAN;Subsidiaries;BDV;;;;;;;;;;;;;;;;;;;C00000220;CÔNG TY TNHH FINE CHEMICAL VIỆT NAM;BBA_05;BWD;BWID BINH DUONG;;;;;;
;;;;;;;;;;;;;;;;;;;;;;C00000228;CÔNG TY TNHH THAI WAH VIỆT NAM ;SL1_01;BSL;BW SAIGON LOGISTICS;;;;;;
;;;;;;;;;;;;;;;;;;;;;;C00000239;PRYM FASHION BETEILIGUNGS GMBH ;SL1_01;BSL;BW SAIGON LOGISTICS;;;;;;
;;;;;;;;;;;;;;;;;;;;;;C00000240;CÔNG TY TNHH WUERTH DỊCH VỤ CÔNG NGHIỆP (VIỆT NAM);SL1_01;BSL;BW SAIGON LOGISTICS;;;;;;
;;;;;;;;;;;;;;;;;;;;;;C00000247;CÔNG TY TNHH HONDAPLUS VIỆT NAM;BLB_00;BLB;LONG BINH;;;;;;
;;;;;;;;;;;;;;;;;;;;;;C00000249;CÔNG TY TNHH NHỰA GOOD VIEW (VIỆT NAM);BLB_00;BLB;LONG BINH;;;;;;
;;;;;;;;;;;;;;;;;;;;;;C00000246;CÔNG TY TNHH UNICITY LABS VIỆT NAM;BLB_00;BLB;LONG BINH;;;;;;
;;;;;;;;;;;;;;;;;;;;;;C00000245;CÔNG TY TNHH DUBUIT INKS VIỆT NAM;BLB_00;BLB;LONG BINH;;;;;;
;;;;;;;;;;;;;;;;;;;;;;C00000248;CÔNG TY TNHH EPE PACKAGING (VIỆT NAM);BLB_00;BLB;LONG BINH;;;;;;
;;;;;;;;;;;;;;;;;;;;;;C00000244;CÔNG TY TNHH VIỆT NAM WACOAL;BLB_00;BLB;LONG BINH;;;;;;
;;;;;;;;;;;;;;;;;;;;;;C00000250;CÔNG TY TNHH NAXIS VIỆT NAM;BLB_00;BLB;LONG BINH;;;;;;
;;;;;;;;;;;;;;;;;;;;;;C00000251;CÔNG TY TNHH MATSUYA R&D (VIỆT NAM);BLB_00;BLB;LONG BINH;;;;;;
;;;;;;;;;;;;;;;;;;;;;;C00000242;CÔNG TY TNHH LINH KIỆN HO YUAN (VIỆT NAM);HD1_01;BHD;BWID HAI DUONG;;;;;;
;;;;;;;;;;;;;;;;;;;;;;C00000238;CÔNG TY TNHH THAI WAH VIỆT NAM ;SL1_01;BSL;BW SAIGON LOGISTICS;;;;;;
;;;;;;;;;;;;;;;;;;;;;;S00001015;CÔNG TY CỔ PHẦN XÂY DỰNG AN PHÚ GIA;SL1_01;BSL;BW SAIGON LOGISTICS;;;;;;
;;;;;;;;;;;;;;;;;;;;;;C00000253;MAGNETEC GMBH;NDV_01;NDV;BW NAM DINH VU;;;;;;
;;;;;;;;;;;;;;;;;;;;;;C00000267;HK JS INDUSTRY CO., LTD.;BBA_01;BWD;BWID BINH DUONG;;;;;;
;;;;;;;;;;;;;;;;;;;;;;C00000254;CÔNG TY TNHH JY STEEL PROCESSING VIỆT NAM;HD1_01;BHD;BWID HAI DUONG;;;;;;
;;;;;;;;;;;;;;;;;;;;;;C00000257;CÔNG TY TNHH SHIOGAI SEIKI VIỆT NAM;BLB_00;BLB;LONG BINH;;;;;;
;;;;;;;;;;;;;;;;;;;;;;C00000258;CÔNG TY TNHH FRIWO VIỆT NAM;BLB_00;BLB;LONG BINH;;;;;;
;;;;;;;;;;;;;;;;;;;;;;C00000259;CÔNG TY TNHH DAITOH INDUSTRY VIỆT NAM;BLB_00;BLB;LONG BINH;;;;;;
;;;;;;;;;;;;;;;;;;;;;;C00000260;CÔNG TY TNHH MASPRO VIỆT NAM;BLB_00;BLB;LONG BINH;;;;;;
;;;;;;;;;;;;;;;;;;;;;;C00000261;CÔNG TY TNHH NHỰA KỸ THUẬT SAKURA;BLB_00;BLB;LONG BINH;;;;;;
;;;;;;;;;;;;;;;;;;;;;;C00000262;CÔNG TY TNHH DAIWA KENKOZAI VIỆT NAM;BLB_00;BLB;LONG BINH;;;;;;
;;;;;;;;;;;;;;;;;;;;;;C00000263;CÔNG TY TNHH BRISKHEAT VIỆT NAM;BLB_00;BLB;LONG BINH;;;;;;
;;;;;;;;;;;;;;;;;;;;;;C00000264;CÔNG TY TNHH MARUSHIN (VIỆT NAM) &;BLB_00;BLB;LONG BINH;;;;;;
;;;;;;;;;;;;;;;;;;;;;;C00000266;CÔNG TY TNHH MỘT THÀNH VIÊN SẢN XUẤT THƯƠNG MẠI THỰC PHẨM YẾN NHUNG;BLB_00;BLB;LONG BINH;;;;;;
;;;;;;;;;;;;;;;;;;;;;;C00000265;CÔNG TY TNHH HUNTSMAN VIỆT NAM;BLB_00;BLB;LONG BINH;;;;;;
;;;;;;;;;;;;;;;;;;;;;;C00000255;CÔNG TY TNHH LAUTAN LUAS VIỆT NAM;SCC_06;SCC;BW SUPLLY CHAIN CITY;;;;;;
;;;;;;;;;;;;;;;;;;;;;;C00000268;CÔNG TY TNHH GOOD TIME HEALTH CARE PRODUCTS;SCC_06;SCC;BW SUPLLY CHAIN CITY;;;;;;
;;;;;;;;;;;;;;;;;;;;;;C00000271;PARK INHO;SCC_06;SCC;BW SUPLLY CHAIN CITY;;;;;;
;;;;;;;;;;;;;;;;;;;;;;C00000270;CÔNG TY CP CÔNG NGHỆ SABUROKU;SCC_06;SCC;BW SUPLLY CHAIN CITY;;;;;;
;;;;;;;;;;;;;;;;;;;;;;C00000256;CÔNG TY TNHH COMPETITION TEAM TECHNOLOGY (VIỆT NAM);DV1_01;DVL;BW DINH VU;;;;;;
;;;;;;;;;;;;;;;;;;;;;;C00000241;CÔNG TY TNHH WUERTH DỊCH VỤ CÔNG NGHIỆP (VIỆT NAM);SL1_01;BSL;BW SAIGON LOGISTICS;;;;;;
;;;;;;;;;;;;;;;;;;;;;;C00000276;CÔNG TY TNHH CÔNG NGHIỆP WONGEAK (VIỆT NAM);HD1_01;BHD;BWID HAI DUONG;;;;;;
;;;;;;;;;;;;;;;;;;;;;;C00000278;CÔNG TY TNHH MTV VEC;HD1_01;BHD;BWID HAI DUONG;;;;;;
;;;;;;;;;;;;;;;;;;;;;;C00000280;CÔNG TY CỔ PHẦN THỰC PHẨM DINH DƯỠNG NUTIFOOD BÌNH DƯƠNG;TH1_01;BTH;BWID THOI HOA;;;;;;
;;;;;;;;;;;;;;;;;;;;;;C00000283;HONGKONG YILIANJU INTERNATIONAL GROUP LIMITED;NDV_01;NDV;BW NAM DINH VU;;;;;;
;;;;;;;;;;;;;;;;;;;;;;C00000284;TALENT ZONE INTERNATIONAL HOLDINGS LIMITED;BBA_04;BWD;BWID BINH DUONG;;;;;;
;;;;;;;;;;;;;;;;;;;;;;C00000282;CÔNG TY CỔ PHẦN GIAO HẢNG TIẾT KIỆM;TPT_01;TPT;BWID Tan Phu Trung;;;;;;
;;;;;;;;;;;;;;;;;;;;;;C00000279;CÔNG TY TNHH AUTEL ROBOTICS VIỆT NAM;HP1_02;BHP;BWID HAI PHONG;;;;;;
;;;;;;;;;;;;;;;;;;;;;;C00000272;CÔNG TY TNHH FULL-SHARP AUTOMATIZED VN;HP1_01;BHP;BWID HAI PHONG;;;;;;
;;;;;;;;;;;;;;;;;;;;;;C00000269;CÔNG TY TNHH CÔNG NGHỆ NĂNG LƯỢNG MỚI AUTEL VIỆT NAM;HP1_02;BHP;BWID HAI PHONG;;;;;;
;;;;;;;;;;;;;;;;;;;;;;C00000252;Công ty TNHH Texeg Vina;HP1_01;BHP;BWID HAI PHONG;;;;;;
;;;;;;;;;;;;;;;;;;;;;;C00000294;CÔNG TY TNHH MOONS' INDUSTRIES(VIỆT NAM);HP1_01;BHP;BWID HAI PHONG;;;;;;
;;;;;;;;;;;;;;;;;;;;;;C00000289;CÔNG TY TNHH GREEN CERA (VIỆT NAM);MP3_03;BWD;BWID BINH DUONG;;;;;;
;;;;;;;;;;;;;;;;;;;;;;C00000290;Mr. YAO JIAN MING;BBA_01;BWD;BWID BINH DUONG;;;;;;
;;;;;;;;;;;;;;;;;;;;;;C00000291;TAIYO KK;BBA_01;BWD;BWID BINH DUONG;;;;;;
;;;;;;;;;;;;;;;;;;;;;;C00000274;CÔNG TY TNHH FULUHASHI VIỆT NAM;HD1_01;BHD;BWID HAI DUONG;;;;;;
;;;;;;;;;;;;;;;;;;;;;;C00000296;CÔNG TY TNHH NGŨ KIM MINH VIỆT;BBA_08;BWD;BWID BINH DUONG;;;;;;
;;;;;;;;;;;;;;;;;;;;;;C00000298;CÔNG TY TNHH KYUNGBANG VIỆT NAM;BBA_03;BWD;BWID BINH DUONG;;;;;;
;;;;;;;;;;;;;;;;;;;;;;C00000299;NGUYỄN TIẾN LÂM;BBA_04;BWD;BWID BINH DUONG;;;;;;
;;;;;;;;;;;;;;;;;;;;;;C00000236;CÔNG TY TNHH NOA VIỆT NAM;SCC_04;SCC;BW SUPLLY CHAIN CITY;;;;;;
;;;;;;;;;;;;;;;;;;;;;;C00000287;CÔNG TY TNHH PRYM FASHION VIỆT NAM;SL1_01;BSL;BW SAIGON LOGISTICS;;;;;;
;;;;;;;;;;;;;;;;;;;;;;C00000286;CÔNG TY CỔ PHẦN DỊCH VỤ NỀN DI ĐỘNG VIỆT NAM;SCC_06;SCC;BW SUPLLY CHAIN CITY;;;;;;
;;;;;;;;;;;;;;;;;;;;;;C00000297;JIABEN ELECTRONICS (HONGKONG) LIMITED;SCC_05;SCC;BW SUPLLY CHAIN CITY;;;;;;
;;;;;;;;;;;;;;;;;;;;;;C00000300;CÔNG TY TRÁCH NHIỆM HỮU HẠN PPG VIỆT NAM;BLB_00;BLB;LONG BINH;;;;;;
;;;;;;;;;;;;;;;;;;;;;;C00000301;CÔNG TY TNHH SPITFIRE CONTROLS (VIỆT NAM);BLB_00;BLB;LONG BINH;;;;;;
;;;;;;;;;;;;;;;;;;;;;;C00000302;CÔNG TY TNHH LIGHTING & EQUIPMENT (VIỆT NAM);BLB_00;BLB;LONG BINH;;;;;;
;;;;;;;;;;;;;;;;;;;;;;C00000303;CÔNG TY TRÁCH NHIỆM HỮU HẠN HÓA CHẤT WASHIN VIỆT NAM;BLB_00;BLB;LONG BINH;;;;;;
;;;;;;;;;;;;;;;;;;;;;;C00000304;CHI NHÁNH CÔNG TY TNHH QUỐC TẾ MEDINO;BLB_00;BLB;LONG BINH;;;;;;
;;;;;;;;;;;;;;;;;;;;;;C00000305;CÔNG TY TNHH GREEN PRINTING & PACKAGING;BLB_00;BLB;LONG BINH;;;;;;
;;;;;;;;;;;;;;;;;;;;;;C00000306;CÔNG TY TNHH ALLTECH VIỆT NAM;BLB_00;BLB;LONG BINH;;;;;;
;;;;;;;;;;;;;;;;;;;;;;C00000308;CÔNG TY TNHH SẢN XUẤT VÀ THƯƠNG MẠI AKIKO VIỆT NAM;BLB_00;BLB;LONG BINH;;;;;;
;;;;;;;;;;;;;;;;;;;;;;C00000106;CÔNG TY TNHH NHÀ MÁY BIA HEINEKEN VIỆT NAM;TH1_01;BTH;BWID THOI HOA;;;;;;
;;;;;;;;;;;;;;;;;;;;;;C00000315;Kenner Hitech Korea Co.,Ltd;HP1_01;BHP;BWID HAI PHONG;;;;;;
;;;;;;;;;;;;;;;;;;;;;;C00000316;EVA HAI PHONG PRECISION ;HP1_01;BHP;BWID HAI PHONG;;;;;;
;;;;;;;;;;;;;;;;;;;;;;C00000311;CÔNG TY TNHH SUNAGRO FOOD (VIET NAM);BBA_01;BWD;BWID BINH DUONG;;;;;;
;;;;;;;;;;;;;;;;;;;;;;C00000309;CÔNG TY TNHH HAESIN TEXTILE;SCC_05;SCC;BW SUPLLY CHAIN CITY;;;;;;
;;;;;;;;;;;;;;;;;;;;;;C00000313;Hong Kong D&S Electronics International;SCC_04;SCC;BW SUPLLY CHAIN CITY;;;;;;
;;;;;;;;;;;;;;;;;;;;;;C00000292;CÔNG TY TNHH ĐIỆN TỬ THÔNG MINH TCL (VIỆT NAM);TU1_01;BTU;BWID LOGISTICS TAN UYEN;;;;;;
;;;;;;;;;;;;;;;;;;;;;;C00000295;CÔNG TY TNHH MAY MẶC BOWKER VIỆT NAM;TU1_01;BTU;BWID LOGISTICS TAN UYEN;;;;;;
;;;;;;;;;;;;;;;;;;;;;;C00000319;CÔNG TY TNHH XIN YE COATING;SCC_05;SCC;BW SUPLLY CHAIN CITY;;;;;;
;;;;;;;;;;;;;;;;;;;;;;C00000320;ZHEJIANG CHUANGHONG INTELLIGENT TECHNOLOGY CO., LTD;MP3_05;BWD;BWID BINH DUONG;;;;;;
;;;;;;;;;;;;;;;;;;;;;;C00000317;CÔNG TY CỔ PHẦN THIẾT BỊ DẦU KHÍ VIỆT MỸ;MP3_05;BWD;BWID BINH DUONG;;;;;;
;;;;;;;;;;;;;;;;;;;;;;C00000314;CÔNG TY TNHH BIA VÀ NƯỚC GIẢI KHÁT HEINEKEN;TH1_01;BTH;BWID THOI HOA;;;;;;
;;;;;;;;;;;;;;;;;;;;;;C00000324;Công ty TNHH Công nghệ Nam Hải;HD1_01;BHD;BWID HAI DUONG;;;;;;
;;;;;;;;;;;;;;;;;;;;;;C00000325;Great Eastern Resins Industrial Co.,Ltd;HD1_01;BHD;BWID HAI DUONG;;;;;;
;;;;;;;;;;;;;;;;;;;;;;S00001284;Công ty Cổ phần Xây dựng Tập đoàn Hòa Bình;HD3_01;HD3;BWID HAI DUONG 3;;;;;;
;;;;;;;;;;;;;;;;;;;;;;C00000322;CÔNG TY TNHH SẢN XUẤT GIÀY DÉP GRAND GAIN;SCC_05;SCC;BW SUPLLY CHAIN CITY;;;;;;
;;;;;;;;;;;;;;;;;;;;;;C00000327;GOODWIN TECHNOLOGY ASIA CO., LIMITED;SCC_05;SCC;BW SUPLLY CHAIN CITY;;;;;;
;;;;;;;;;;;;;;;;;;;;;;S00000996;CÔNG TY CỔ PHẨN HAI BỐN BẢY;TDH_01;TDH;BWID TAN DONG HIEP;;;;;;
;;;;;;;;;;;;;;;;;;;;;;S00001282;Công ty cổ phần Đầu tư Xây dựng NEWTECONS;HD1_01;BHD;BWID HAI DUONG;;;;;;
;;;;;;;;;;;;;;;;;;;;;;C00000338;CHI NHÁNH CÔNG TY TNHH CÔNG NGHIỆP WONGEAK (VIỆT NAM) TẠI HẢI DƯƠNG;HD1_01;BHD;BWID HAI DUONG;;;;;;
;;;;;;;;;;;;;;;;;;;;;;C00000357;CÔNG TY TNHH ĐIỆN TỬ SHDC;HD1_01;BHD;BWID HAI DUONG;;;;;;
;;;;;;;;;;;;;;;;;;;;;;C00000376;CÔNG TY TNHH GREAT EASTERN HIGH TECH MATERIALS (VIỆT NAM) ;HD1_01;BHD;BWID HAI DUONG;;;;;;
;;;;;;;;;;;;;;;;;;;;;;C00000332;CÔNG TY TNHH FAVORATENG;TH2_01;TH2;BWID THOI HOA 2;;;;;;
;;;;;;;;;;;;;;;;;;;;;;C00000329;CÔNG TY CỔ PHẦN MỸ PHẨM QUỐC TẾ THÙY DUNG;SL1_01;BSL;BW SAIGON LOGISTICS;;;;;;
;;;;;;;;;;;;;;;;;;;;;;C00000330;EAH SINGAPORE PTE. LTD;HD2_01;HD2;BWID HAI DUONG 2;;;;;;
;;;;;;;;;;;;;;;;;;;;;;C00000335;SHIU LI TECHNOLOGY CO., LTD;HD2_01;HD2;BWID HAI DUONG 2;;;;;;
;;;;;;;;;;;;;;;;;;;;;;C00000334;CÔNG TY TNHH DAIWA LOGISTICS VIỆT NAM;TDH_01;TDH;BWID TAN DONG HIEP;;;;;;
;;;;;;;;;;;;;;;;;;;;;;C00000310;CÔNG TY TNHH MAGNETEC VIỆT NAM;NV1_01;NDV;BW NAM DINH VU;;;;;;
;;;;;;;;;;;;;;;;;;;;;;C00000331;CÔNG TY TNHH CÔNG NGHỆ THỰC PHẨM STARRY;NV1_01;NDV;BW NAM DINH VU;;;;;;
;;;;;;;;;;;;;;;;;;;;;;C00000340;CÔNG TY TNHH NGŨ KIM MINH VIỆT;BBA_08;BWD;BWID BINH DUONG;;;;;;
;;;;;;;;;;;;;;;;;;;;;;C00000358;CÔNG TY LD TNHH NIPPON EXPRESS (VIỆT NAM);TDH_01;TDH;BWID TAN DONG HIEP;;;;;;
;;;;;;;;;;;;;;;;;;;;;;C00000360;CÔNG TY CỔ PHẦN HAI BỐN BẢY;TDH_01;TDH;BWID TAN DONG HIEP;;;;;;
;;;;;;;;;;;;;;;;;;;;;;C00000347;CÔNG TY TNHH AUROMEX VIỆT NAM;BLB_00;BLB;LONG BINH;;;;;;
;;;;;;;;;;;;;;;;;;;;;;C00000348;CÔNG TY TNHH SHINWA VIỆT NAM;BLB_00;BLB;LONG BINH;;;;;;
;;;;;;;;;;;;;;;;;;;;;;C00000349;CÔNG TY TNHH KHUÔN MẪU SÁNG TẠO;BLB_00;BLB;LONG BINH;;;;;;
;;;;;;;;;;;;;;;;;;;;;;C00000350;CÔNG TY TRÁCH NHIỆM HỮU HẠN VALSPAR (VIỆT NAM);BLB_00;BLB;LONG BINH;;;;;;
;;;;;;;;;;;;;;;;;;;;;;C00000351;CÔNG TY CỔ PHẦN NƯỚC TINH KHIẾT ỐC ĐẢO XANH;BLB_00;BLB;LONG BINH;;;;;;
;;;;;;;;;;;;;;;;;;;;;;C00000352;CHI NHÁNH CÔNG TY TNHH KANEPACKAGE VIỆT NAM;BLB_00;BLB;LONG BINH;;;;;;
;;;;;;;;;;;;;;;;;;;;;;C00000353;CÔNG TY TNHH WANG LONG (VIỆT NAM);BLB_00;BLB;LONG BINH;;;;;;
;;;;;;;;;;;;;;;;;;;;;;C00000354;CÔNG TY TNHH SILK VIỆT NAM;BLB_00;BLB;LONG BINH;;;;;;
;;;;;;;;;;;;;;;;;;;;;;C00000355;CÔNG TY TNHH TS MOLYMER VIỆT NAM;BLB_00;BLB;LONG BINH;;;;;;
;;;;;;;;;;;;;;;;;;;;;;C00000333;CÔNG TY TNHH HONDA LOGICOM (VIỆT NAM);TH1_01;BTH;BWID THOI HOA;;;;;;
;;;;;;;;;;;;;;;;;;;;;;C00000361;CÔNG TY TNHH NĂNG LƯỢNG MỚI GROWATT VIỆT NAM;NV1_01;NDV;BW NAM DINH VU;;;;;;
;;;;;;;;;;;;;;;;;;;;;;C00000379;CÔNG TY TNHH TARGET AGRICULTURE VIỆT NAM;BBA_04;BWD;BWID BINH DUONG;;;;;;
;;;;;;;;;;;;;;;;;;;;;;C00000380;CÔNG TY TNHH CASTERBUY;BBA_07;BWD;BWID BINH DUONG;;;;;;
;;;;;;;;;;;;;;;;;;;;;;C00000362;Công ty TNHH Công nghiệp Chính xác EWISDOM Hải Phòng;HP1_02;BHP;BWID HAI PHONG;;;;;;
;;;;;;;;;;;;;;;;;;;;;;C00000363;Công ty TNHH Eager Kenner Hitech Việt Nam;HP1_01;BHP;BWID HAI PHONG;;;;;;
;;;;;;;;;;;;;;;;;;;;;;C00000373;CÔNG TY TNHH ETRON VIETNAM TECHNOLOGIES;HD2_01;HD2;BWID HAI DUONG 2;;;;;;
;;;;;;;;;;;;;;;;;;;;;;C00000370;CÔNG TY TNHH SẢN PHẨM CAO SU & NHỰA GENIUS WIN VIỆT NAM;TH2_01;TH2;BWID THOI HOA 2;;;;;;
;;;;;;;;;;;;;;;;;;;;;;C00000371;CÔNG TY TNHH BLUE & GREEN VIỆT NAM;TH2_01;TH2;BWID THOI HOA 2;;;;;;
;;;;;;;;;;;;;;;;;;;;;;C00000381;Mr. JACKY LAI/ LAI, YU-SHIUN;BBA_03;BWD;BWID BINH DUONG;;;;;;
;;;;;;;;;;;;;;;;;;;;;;C00000368;CÔNG TY TNHH PRO PESTIC VIỆT NAM;BBA_04;BWD;BWID BINH DUONG;;;;;;
;;;;;;;;;;;;;;;;;;;;;;C00000382;CÔNG TY TNHH TH GLOBAL ENTERPRISE;BBA_04;BWD;BWID BINH DUONG;;;;;;
;;;;;;;;;;;;;;;;;;;;;;C00000383;JOY RIDER LIMITED;BBA_04;BWD;BWID BINH DUONG;;;;;;
;;;;;;;;;;;;;;;;;;;;;;C00000384;CÔNG TY TNHH CÔNG NGHỆ ESSENCE FASTENER VIỆT NAM;MP3_05;BWD;BWID BINH DUONG;;;;;;
;;;;;;;;;;;;;;;;;;;;;;C00000367;Công ty TNHH xây dựng ZYF Việt Nam;HD2_01;HD2;BWID HAI DUONG 2;;;;;;
;;;;;;;;;;;;;;;;;;;;;;C00000389;HARTING International GmbH;HD2_01;HD2;BWID HAI DUONG 2;;;;;;
;;;;;;;;;;;;;;;;;;;;;;C00000390;MAEDEN INNOVATION CO., LTD;HD2_01;HD2;BWID HAI DUONG 2;;;;;;
;;;;;;;;;;;;;;;;;;;;;;C1;AAAAA;DV1_01;DVL;BW DINH VU;;;;;;
;;;;;;;;;;;;;;;;;;;;;;C2;BBBBB;HD1_01;BHD;BWID HAI DUONG;;;;;;
;;;;;;;;;;;;;;;;;;;;;;0;Ms. Wu Jing Lian;TH2_01;TH2;BWID THOI HOA 2;;;;;;
;;;;;;;;;;;;;;;;;;;;;;C00000411;CÔNG TY CỔ PHẦN SẢN XUẤT VÀ KINH DOANH VINFAST;LV2_01;BHA;BW HAI AN;;;;;;
;;;;;;;;;;;;;;;;;;;;;;C00000408;CÔNG TY TNHH SNOW KING GLOBAL;PN_01;BWP;BW PHU NGHIA;;;;;;
;;;;;;;;;;;;;;;;;;;;;;C00000410;DAYUE INTERNATIONAL (HK) LIMITED;HD2_01;HD2;BWID HAI DUONG 2;;;;;;
